Absolute Zero,#0048BA,0,72,186
Acid green,#B0BF1A,176,191,26
Aero,#7CB9E8,124,185,232
Aero blue,#C0E8D5,192,232,213
African violet,#B284BE,178,132,190
Air superiority blue,#72A0C1,114,160,193
Alabaster,#EDEAE0,237,234,224
Alice blue,#F0F8FF,240,248,255
Alloy orange,#C46210,196,98,16
Almond,#EFDECD,239,222,205
Amaranth,#E52B50,229,43,80
Amaranth (M&P),#9F2B68,159,43,104
Amaranth pink,#F19CBB,241,156,187
Amaranth purple,#AB274F,171,39,79
Amaranth red,#D3212D,211,33,45
Amazon,#3B7A57,59,122,87
Amber,#FFBF00,255,191,0
Amber (SAE/ECE),#FF7E00,255,126,0
Amethyst,#9966CC,153,102,204
Android green,#A4C639,164,198,57
Antique brass,#CD9575,205,149,117
Antique bronze,#665D1E,102,93,30
Antique fuchsia,#915C83,145,92,131
Antique ruby,#841B2D,132,27,45
Antique white,#FAEBD7,250,235,215
Ao (English),#008000,0,128,0
Apple green,#8DB600,141,182,0
Apricot,#FBCEB1,251,206,177
Aqua,#00FFFF,0,255,255
Aquamarine,#7FFFD4,127,255,212
Arctic lime,#D0FF14,208,255,20
Army green,#4B5320,75,83,32
Artichoke,#8F9779,143,151,121
Arylide yellow,#E9D66B,233,214,107
Ash gray,#B2BEB5,178,190,181
Asparagus,#87A96B,135,169,107
Atomic tangerine,#FF9966,255,153,102
Auburn,#A52A2A,165,42,42
Aureolin,#FDEE00,253,238,0
Avocado,#568203,86,130,3
Azure,#007FFF,0,127,255
Azure (X11/web color),#F0FFFF,240,255,255
Baby blue,#89CFF0,137,207,240
Baby blue eyes,#A1CAF1,161,202,241
Baby pink,#F4C2C2,244,194,194
Baby powder,#FEFEFA,254,254,250
Baker-Miller pink,#FF91AF,255,145,175
Banana Mania,#FAE7B5,250,231,181
Barbie Pink,#DA1884,218,24,132
Barn red,#7C0A02,124,10,2
Battleship grey,#848482,132,132,130
Beau blue,#BCD4E6,188,212,230
Beaver,#9F8170,159,129,112
Beige,#F5F5DC,245,245,220
B'dazzled blue,#2E5894,46,88,148
Big dip o’ruby,#9C2542,156,37,66
Bisque,#FFE4C4,255,228,196
Bistre,#3D2B1F,61,43,31
Bistre brown,#967117,150,113,23
Bitter lemon,#CAE00D,202,224,13
Bitter lime,#BFFF00,191,255,0
Bittersweet,#FE6F5E,254,111,94
Bittersweet shimmer,#BF4F51,191,79,81
Black,#000000,0,0,0
Black bean,#3D0C02,61,12,2
Black chocolate,#1B1811,27,24,17
Black coffee,#3B2F2F,59,47,47
Black coral,#54626F,84,98,111
Black olive,#3B3C36,59,60,54
Black Shadows,#BFAFB2,191,175,178
Blanched almond,#FFEBCD,255,235,205
Blast-off bronze,#A57164,165,113,100
Bleu de France,#318CE7,49,140,231
Blizzard blue,#ACE5EE,172,229,238
Blond,#FAF0BE,250,240,190
Blood red,#660000,102,0,0
Blue,#0000FF,0,0,255
Blue (Crayola),#1F75FE,31,117,254
Blue (Munsell),#0093AF,0,147,175
Blue (NCS),#0087BD,0,135,189
Blue (Pantone),#0018A8,0,24,168
Blue (pigment),#333399,51,51,153
Blue (RYB),#0247FE,2,71,254
Blue bell,#A2A2D0,162,162,208
Blue-gray,#6699CC,102,153,204
Blue-green,#0D98BA,13,152,186
Blue-green (color wheel),#064E40,6,78,64
Blue jeans,#5DADEC,93,173,236
Blue sapphire,#126180,18,97,128
Blue-violet,#8A2BE2,138,43,226
Blue-violet (Crayola),#7366BD,115,102,189
Blue-violet (color wheel),#4D1A7F,77,26,127
Blue yonder,#5072A7,80,114,167
Bluetiful,#3C69E7,60,105,231
Blush,#DE5D83,222,93,131
Bole,#79443B,121,68,59
Bone,#E3DAC9,227,218,201
Bottle green,#006A4E,0,106,78
Brandy,#87413F,135,65,63
Brick red,#CB4154,203,65,84
Bright green,#66FF00,102,255,0
Bright lilac,#D891EF,216,145,239
Bright maroon,#C32148,195,33,72
Bright navy blue,#1974D2,25,116,210
Bright yellow (Crayola),#FFAA1D,255,170,29
Brilliant rose,#FF55A3,255,85,163
Brink pink,#FB607F,251,96,127
British racing green,#004225,0,66,37
Bronze,#CD7F32,205,127,50
Brown,#88540B,136,84,11
Brown sugar,#AF6E4D,175,110,77
Brunswick green,#1B4D3E,27,77,62
Bud green,#7BB661,123,182,97
Buff,#F0DC82,240,220,130
Burgundy,#800020,128,0,32
Burlywood,#DEB887,222,184,135
Burnished brown,#A17A74,161,122,116
Burnt orange,#CC5500,204,85,0
Burnt sienna,#E97451,233,116,81
Burnt umber,#8A3324,138,51,36
Byzantine,#BD33A4,189,51,164
Byzantium,#702963,112,41,99
Cadet,#536872,83,104,114
Cadet blue,#5F9EA0,95,158,160
Cadet blue (Crayola),#A9B2C3,169,178,195
Cadet grey,#91A3B0,145,163,176
Cadmium green,#006B3C,0,107,60
Cadmium orange,#ED872D,237,135,45
Cadmium red,#E30022,227,0,34
Cadmium yellow,#FFF600,255,246,0
Café au lait,#A67B5B,166,123,91
Café noir,#4B3621,75,54,33
Cambridge blue,#A3C1AD,163,193,173
Camel,#C19A6B,193,154,107
Cameo pink,#EFBBCC,239,187,204
Canary,#FFFF99,255,255,153
Canary yellow,#FFEF00,255,239,0
Candy apple red,#FF0800,255,8,0
Candy pink,#E4717A,228,113,122
Capri,#00BFFF,0,191,255
Caput mortuum,#592720,89,39,32
Cardinal,#C41E3A,196,30,58
Caribbean green,#00CC99,0,204,153
Carmine,#960018,150,0,24
Carmine (M&P),#D70040,215,0,64
Carnation pink,#FFA6C9,255,166,201
Carnelian,#B31B1B,179,27,27
Carolina blue,#56A0D3,86,160,211
Carrot orange,#ED9121,237,145,33
Castleton green,#00563F,0,86,63
Catawba,#703642,112,54,66
Cedar Chest,#C95A49,201,90,73
Celadon,#ACE1AF,172,225,175
Celadon blue,#007BA7,0,123,167
Celadon green,#2F847C,47,132,124
Celeste,#B2FFFF,178,255,255
Celtic blue,#246BCE,36,107,206
Cerise,#DE3163,222,49,99
Cerulean,#007BA7,0,123,167
Cerulean blue,#2A52BE,42,82,190
Cerulean frost,#6D9BC3,109,155,195
Cerulean (Crayola),#1DACD6,29,172,214
CG blue,#007AA5,0,122,165
CG red,#E03C31,224,60,49
Champagne,#F7E7CE,247,231,206
Champagne pink,#F1DDCF,241,221,207
Charcoal,#36454F,54,69,79
Charleston green,#232B2B,35,43,43
Charm pink,#E68FAC,230,143,172
Chartreuse (traditional),#DFFF00,223,255,0
Chartreuse (web),#7FFF00,127,255,0
Cherry blossom pink,#FFB7C5,255,183,197
Chestnut,#954535,149,69,53
Chili red,#E23D28,226,61,40
China pink,#DE6FA1,222,111,161
China rose,#A8516E,168,81,110
Chinese red,#AA381E,170,56,30
Chinese violet,#856088,133,96,136
Chinese yellow,#FFB200,255,178,0
Chocolate (traditional),#7B3F00,123,63,0
Chocolate (web),#D2691E,210,105,30
Chocolate Cosmos,#58111A,88,17,26
Chrome yellow,#FFA700,255,167,0
Cinereous,#98817B,152,129,123
Cinnabar,#E34234,227,66,52
Cinnamon Satin,#CD607E,205,96,126
Citrine,#E4D00A,228,208,10
Citron,#9FA91F,159,169,31
Claret,#7F1734,127,23,52
Cobalt blue,#0047AB,0,71,171
Cocoa brown,#D2691E,210,105,30
Coffee,#6F4E37,111,78,55
Columbia Blue,#B9D9EB,185,217,235
Congo pink,#F88379,248,131,121
Cool grey,#8C92AC,140,146,172
Copper,#B87333,184,115,51
Copper (Crayola),#DA8A67,218,138,103
Copper penny,#AD6F69,173,111,105
Copper red,#CB6D51,203,109,81
Copper rose,#996666,153,102,102
Coquelicot,#FF3800,255,56,0
Coral,#FF7F50,255,127,80
Coral pink,#F88379,248,131,121
Cordovan,#893F45,137,63,69
Corn,#FBEC5D,251,236,93
Cornell red,#B31B1B,179,27,27
Cornflower blue,#6495ED,100,149,237
Cornsilk,#FFF8DC,255,248,220
Cosmic cobalt,#2E2D88,46,45,136
Cosmic latte,#FFF8E7,255,248,231
Coyote brown,#81613C,129,97,60
Cotton candy,#FFBCD9,255,188,217
Cream,#FFFDD0,255,253,208
Crimson,#DC143C,220,20,60
Crimson (UA),#9E1B32,158,27,50
Cultured,#F5F5F5,245,245,245
Cyan,#00FFFF,0,255,255
Cyan (process),#00B7EB,0,183,235
Cyber grape,#58427C,88,66,124
Cyber yellow,#FFD300,255,211,0
Cyclamen,#F56FA1,245,111,161
Dark blue-gray,#666699,102,102,153
Dark brown,#654321,101,67,33
Dark byzantium,#5D3954,93,57,84
Dark cornflower blue,#26428B,38,66,139
Dark cyan,#008B8B,0,139,139
Dark electric blue,#536878,83,104,120
Dark goldenrod,#B8860B,184,134,11
Dark green,#013220,1,50,32
Dark green (X11),#006400,0,100,0
Dark jungle green,#1A2421,26,36,33
Dark khaki,#BDB76B,189,183,107
Dark lava,#483C32,72,60,50
Dark liver,#534B4F,83,75,79
Dark liver (horses),#543D37,84,61,55
Dark magenta,#8B008B,139,0,139
Dark moss green,#4A5D23,74,93,35
Dark olive green,#556B2F,85,107,47
Dark orange,#FF8C00,255,140,0
Dark orchid,#9932CC,153,50,204
Dark pastel green,#03C03C,3,192,60
Dark purple,#301934,48,25,52
Dark red,#8B0000,139,0,0
Dark salmon,#E9967A,233,150,122
Dark sea green,#8FBC8F,143,188,143
Dark sienna,#3C1414,60,20,20
Dark sky blue,#8CBED6,140,190,214
Dark slate blue,#483D8B,72,61,139
Dark slate gray,#2F4F4F,47,79,79
Dark spring green,#177245,23,114,69
Dark turquoise,#00CED1,0,206,209
Dark violet,#9400D3,148,0,211
Dartmouth green,#00703C,0,112,60
Davy's grey,#555555,85,85,85
Deep cerise,#DA3287,218,50,135
Deep champagne,#FAD6A5,250,214,165
Deep chestnut,#B94E48,185,78,72
Deep jungle green,#004B49,0,75,73
Deep pink,#FF1493,255,20,147
Deep saffron,#FF9933,255,153,51
Deep sky blue,#00BFFF,0,191,255
Deep Space Sparkle,#4A646C,74,100,108
Deep taupe,#7E5E60,126,94,96
Denim,#1560BD,21,96,189
Denim blue,#2243B6,34,67,182
Desert,#C19A6B,193,154,107
Desert sand,#EDC9AF,237,201,175
Dim gray,#696969,105,105,105
Dodger blue,#1E90FF,30,144,255
Dogwood rose,#D71868,215,24,104
Drab,#967117,150,113,23
Duke blue,#00009C,0,0,156
Dutch white,#EFDFBB,239,223,187
Earth yellow,#E1A95F,225,169,95
Ebony,#555D50,85,93,80
Ecru,#C2B280,194,178,128
Eerie black,#1B1B1B,27,27,27
Eggplant,#614051,97,64,81
Eggshell,#F0EAD6,240,234,214
Egyptian blue,#1034A6,16,52,166
Eigengrau,#16161D,22,22,29
Electric blue,#7DF9FF,125,249,255
Electric green,#00FF00,0,255,0
Electric indigo,#6F00FF,111,0,255
Electric lime,#CCFF00,204,255,0
Electric purple,#BF00FF,191,0,255
Electric violet,#8F00FF,143,0,255
Emerald,#50C878,80,200,120
Eminence,#6C3082,108,48,130
English green,#1B4D3E,27,77,62
English lavender,#B48395,180,131,149
English red,#AB4B52,171,75,82
English vermillion,#CC474B,204,71,75
English violet,#563C5C,86,60,92
Erin,#00FF40,0,255,64
Eton blue,#96C8A2,150,200,162
Fallow,#C19A6B,193,154,107
Falu red,#801818,128,24,24
Fandango,#B53389,181,51,137
Fandango pink,#DE5285,222,82,133
Fashion fuchsia,#F400A1,244,0,161
Fawn,#E5AA70,229,170,112
Feldgrau,#4D5D53,77,93,83
Fern green,#4F7942,79,121,66
Field drab,#6C541E,108,84,30
Fiery rose,#FF5470,255,84,112
Firebrick,#B22222,178,34,34
Fire engine red,#CE2029,206,32,41
Fire opal,#E95C4B,233,92,75
Flame,#E25822,226,88,34
Flax,#EEDC82,238,220,130
Flirt,#A2006D,162,0,109
Floral white,#FFFAF0,255,250,240
Fluorescent blue,#15F4EE,21,244,238
Forest green (Crayola),#5FA777,95,167,119
Forest green (traditional),#014421,1,68,33
Forest green (web),#228B22,34,139,34
French beige,#A67B5B,166,123,91
French bistre,#856D4D,133,109,77
French blue,#0072BB,0,114,187
French fuchsia,#FD3F92,253,63,146
French lilac,#86608E,134,96,142
French lime,#9EFD38,158,253,56
French mauve,#D473D4,212,115,212
French pink,#FD6C9E,253,108,158
French raspberry,#C72C48,199,44,72
French rose,#F64A8A,246,74,138
French sky blue,#77B5FE,119,181,254
French violet,#8806CE,136,6,206
Frostbite,#E936A7,233,54,167
Fuchsia,#FF00FF,255,0,255
Fuchsia (Crayola),#C154C1,193,84,193
Fuchsia purple,#CC397B,204,57,123
Fuchsia rose,#C74375,199,67,117
Fulvous,#E48400,228,132,0
Fuzzy Wuzzy,#87421F,135,66,31
Gainsboro,#DCDCDC,220,220,220
Gamboge,#E49B0F,228,155,15
Generic viridian,#007F66,0,127,102
Ghost white,#F8F8FF,248,248,255
Glaucous,#6082B6,96,130,182
Glossy grape,#AB92B3,171,146,179
GO green,#00AB66,0,171,102
Gold,#A57C00,165,124,0
Gold (metallic),#D4AF37,212,175,55
Gold (web) (Golden),#FFD700,255,215,0
Gold (Crayola),#E6BE8A,230,190,138
Gold Fusion,#85754E,133,117,78
Golden brown,#996515,153,101,21
Golden poppy,#FCC200,252,194,0
Golden yellow,#FFDF00,255,223,0
Goldenrod,#DAA520,218,165,32
Granite gray,#676767,103,103,103
Granny Smith apple,#A8E4A0,168,228,160
Gray (web),#808080,128,128,128
Gray (X11 gray),#BEBEBE,190,190,190
Green,#00FF00,0,255,0
Green (Crayola),#1CAC78,28,172,120
Green (web),#008000,0,128,0
Green (Munsell),#00A877,0,168,119
Green (NCS),#009F6B,0,159,107
Green (Pantone),#00AD43,0,173,67
Green (pigment),#00A550,0,165,80
Green (RYB),#66B032,102,176,50
Green-blue,#1164B4,17,100,180
Green-blue (Crayola),#2887C8,40,135,200
Green-cyan,#009966,0,153,102
Green Lizard,#A7F432,167,244,50
Green Sheen,#6EAEA1,110,174,161
Green-yellow,#ADFF2F,173,255,47
Green-yellow (Crayola),#F0E891,240,232,145
Grullo,#A99A86,169,154,134
Gunmetal,#2A3439,42,52,57
Han blue,#446CCF,68,108,207
Han purple,#5218FA,82,24,250
Hansa yellow,#E9D66B,233,214,107
Harlequin,#3FFF00,63,255,0
Harvest gold,#DA9100,218,145,0
Heat Wave,#FF7A00,255,122,0
Heliotrope,#DF73FF,223,115,255
Heliotrope gray,#AA98A9,170,152,169
Hollywood cerise,#F400A1,244,0,161
Honeydew,#F0FFF0,240,255,240
Honolulu blue,#006DB0,0,109,176
Hooker's green,#49796B,73,121,107
Hot magenta,#FF1DCE,255,29,206
Hot pink,#FF69B4,255,105,180
Hunter green,#355E3B,53,94,59
Iceberg,#71A6D2,113,166,210
Icterine,#FCF75E,252,247,94
Illuminating emerald,#319177,49,145,119
Imperial red,#ED2939,237,41,57
Inchworm,#B2EC5D,178,236,93
Independence,#4C516D,76,81,109
India green,#138808,19,136,8
Indian red,#CD5C5C,205,92,92
Indian yellow,#E3A857,227,168,87
Indigo,#4B0082,75,0,130
Indigo dye,#00416A,0,65,106
International orange (aerospace),#FF4F00,255,79,0
International orange (engineering),#BA160C,186,22,12
International orange (Golden Gate Bridge),#C0362C,192,54,44
Iris,#5A4FCF,90,79,207
Irresistible,#B3446C,179,68,108
Isabelline,#F4F0EC,244,240,236
Italian sky blue,#B2FFFF,178,255,255
Ivory,#FFFFF0,255,255,240
Jade,#00A86B,0,168,107
Japanese carmine,#9D2933,157,41,51
Japanese violet,#5B3256,91,50,86
Jasmine,#F8DE7E,248,222,126
Jazzberry jam,#A50B5E,165,11,94
Jet,#343434,52,52,52
Jonquil,#F4CA16,244,202,22
June bud,#BDDA57,189,218,87
Jungle green,#29AB87,41,171,135
Kelly green,#4CBB17,76,187,23
Keppel,#3AB09E,58,176,158
Key lime,#E8F48C,232,244,140
Khaki (web),#C3B091,195,176,145
Khaki (X11) (Light khaki),#F0E68C,240,230,140
Kobe,#882D17,136,45,23
Kobi,#E79FC4,231,159,196
Kobicha,#6B4423,107,68,35
Kombu green,#354230,53,66,48
KSU purple,#512888,81,40,136
Languid lavender,#D6CADD,214,202,221
Lapis lazuli,#26619C,38,97,156
Laser lemon,#FFFF66,255,255,102
Laurel green,#A9BA9D,169,186,157
Lava,#CF1020,207,16,32
Lavender (floral),#B57EDC,181,126,220
Lavender (web),#E6E6FA,230,230,250
Lavender blue,#CCCCFF,204,204,255
Lavender blush,#FFF0F5,255,240,245
Lavender gray,#C4C3D0,196,195,208
Lawn green,#7CFC00,124,252,0
Lemon,#FFF700,255,247,0
Lemon chiffon,#FFFACD,255,250,205
Lemon curry,#CCA01D,204,160,29
Lemon glacier,#FDFF00,253,255,0
Lemon meringue,#F6EABE,246,234,190
Lemon yellow,#FFF44F,255,244,79
Lemon yellow (Crayola),#FFFF9F,255,255,159
Liberty,#545AA7,84,90,167
Light blue,#ADD8E6,173,216,230
Light coral,#F08080,240,128,128
Light cornflower blue,#93CCEA,147,204,234
Light cyan,#E0FFFF,224,255,255
Light French beige,#C8AD7F,200,173,127
Light goldenrod yellow,#FAFAD2,250,250,210
Light gray,#D3D3D3,211,211,211
Light green,#90EE90,144,238,144
Light orange,#FED8B1,254,216,177
Light periwinkle,#C5CBE1,197,203,225
Light pink,#FFB6C1,255,182,193
Light salmon,#FFA07A,255,160,122
Light sea green,#20B2AA,32,178,170
Light sky blue,#87CEFA,135,206,250
Light slate gray,#778899,119,136,153
Light steel blue,#B0C4DE,176,196,222
Light yellow,#FFFFE0,255,255,224
Lilac,#C8A2C8,200,162,200
Lilac Luster,#AE98AA,174,152,170
Lime (color wheel),#BFFF00,191,255,0
Lime (web) (X11 green),#00FF00,0,255,0
Lime green,#32CD32,50,205,50
Lincoln green,#195905,25,89,5
Linen,#FAF0E6,250,240,230
Lion,#C19A6B,193,154,107
Liseran purple,#DE6FA1,222,111,161
Little boy blue,#6CA0DC,108,160,220
Liver,#674C47,103,76,71
Liver (dogs),#B86D29,184,109,41
Liver (organ),#6C2E1F,108,46,31
Liver chestnut,#987456,152,116,86
Livid,#6699CC,102,153,204
Macaroni and Cheese,#FFBD88,255,189,136
Madder Lake,#CC3336,204,51,54
Magenta,#FF00FF,255,0,255
Magenta (Crayola),#F653A6,246,83,166
Magenta (dye),#CA1F7B,202,31,123
Magenta (Pantone),#D0417E,208,65,126
Magenta (process),#FF0090,255,0,144
Magenta haze,#9F4576,159,69,118
Magic mint,#AAF0D1,170,240,209
Magnolia,#F2E8D7,242,232,215
Mahogany,#C04000,192,64,0
Maize,#FBEC5D,251,236,93
Maize (Crayola),#F2C649,242,198,73
Majorelle blue,#6050DC,96,80,220
Malachite,#0BDA51,11,218,81
Manatee,#979AAA,151,154,170
Mandarin,#F37A48,243,122,72
Mango,#FDBE02,253,190,2
Mango Tango,#FF8243,255,130,67
Mantis,#74C365,116,195,101
Mardi Gras,#880085,136,0,133
Marigold,#EAA221,234,162,33
Maroon (Crayola),#C32148,195,33,72
Maroon (web),#800000,128,0,0
Maroon (X11),#B03060,176,48,96
Mauve,#E0B0FF,224,176,255
Mauve taupe,#915F6D,145,95,109
Mauvelous,#EF98AA,239,152,170
Maximum blue,#47ABCC,71,171,204
Maximum blue green,#30BFBF,48,191,191
Maximum blue purple,#ACACE6,172,172,230
Maximum green,#5E8C31,94,140,49
Maximum green yellow,#D9E650,217,230,80
Maximum purple,#733380,115,51,128
Maximum red,#D92121,217,33,33
Maximum red purple,#A63A79,166,58,121
Maximum yellow,#FAFA37,250,250,55
Maximum yellow red,#F2BA49,242,186,73
May green,#4C9141,76,145,65
Maya blue,#73C2FB,115,194,251
Medium aquamarine,#66DDAA,102,221,170
Medium blue,#0000CD,0,0,205
Medium candy apple red,#E2062C,226,6,44
Medium carmine,#AF4035,175,64,53
Medium champagne,#F3E5AB,243,229,171
Medium orchid,#BA55D3,186,85,211
Medium purple,#9370DB,147,112,219
Medium sea green,#3CB371,60,179,113
Medium slate blue,#7B68EE,123,104,238
Medium spring green,#00FA9A,0,250,154
Medium turquoise,#48D1CC,72,209,204
Medium violet-red,#C71585,199,21,133
Mellow apricot,#F8B878,248,184,120
Mellow yellow,#F8DE7E,248,222,126
Melon,#FEBAAD,254,186,173
Metallic gold,#D3AF37,211,175,55
Metallic Seaweed,#0A7E8C,10,126,140
Metallic Sunburst,#9C7C38,156,124,56
Mexican pink,#E4007C,228,0,124
Middle blue,#7ED4E6,126,212,230
Middle blue green,#8DD9CC,141,217,204
Middle blue purple,#8B72BE,139,114,190
Middle grey,#8B8680,139,134,128
Middle green,#4D8C57,77,140,87
Middle green yellow,#ACBF60,172,191,96
Middle purple,#D982B5,217,130,181
Middle red,#E58E73,229,142,115
Middle red purple,#A55353,165,83,83
Middle yellow,#FFEB00,255,235,0
Middle yellow red,#ECB176,236,177,118
Midnight,#702670,112,38,112
Midnight blue,#191970,25,25,112
Midnight green (eagle green),#004953,0,73,83
Mikado yellow,#FFC40C,255,196,12
Mimi pink,#FFDAE9,255,218,233
Mindaro,#E3F988,227,249,136
Ming,#36747D,54,116,125
Minion yellow,#F5E050,245,224,80
Mint,#3EB489,62,180,137
Mint cream,#F5FFFA,245,255,250
Mint green,#98FF98,152,255,152
Misty moss,#BBB477,187,180,119
Misty rose,#FFE4E1,255,228,225
Mode beige,#967117,150,113,23
Morning blue,#8DA399,141,163,153
Moss green,#8A9A5B,138,154,91
Mountain Meadow,#30BA8F,48,186,143
Mountbatten pink,#997A8D,153,122,141
MSU green,#18453B,24,69,59
Mulberry,#C54B8C,197,75,140
Mulberry (Crayola),#C8509B,200,80,155
Mustard,#FFDB58,255,219,88
Myrtle green,#317873,49,120,115
Mystic,#D65282,214,82,130
Mystic maroon,#AD4379,173,67,121
Nadeshiko pink,#F6ADC6,246,173,198
Naples yellow,#FADA5E,250,218,94
Navajo white,#FFDEAD,255,222,173
Navy blue,#000080,0,0,128
Navy blue (Crayola),#1974D2,25,116,210
Neon blue,#4666FF,70,102,255
Neon Carrot,#FFA343,255,163,67
Neon green,#39FF14,57,255,20
Neon fuchsia,#FE4164,254,65,100
New York pink,#D7837F,215,131,127
Nickel,#727472,114,116,114
Non-photo blue,#A4DDED,164,221,237
Nyanza,#E9FFDB,233,255,219
Ocean Blue,#4F42B5,79,66,181
Ocean green,#48BF91,72,191,145
Ochre,#CC7722,204,119,34
Old burgundy,#43302E,67,48,46
Old gold,#CFB53B,207,181,59
Old lace,#FDF5E6,253,245,230
Old lavender,#796878,121,104,120
Old mauve,#673147,103,49,71
Old rose,#C08081,192,128,129
Old silver,#848482,132,132,130
Olive,#808000,128,128,0
Olive Drab (#3),#6B8E23,107,142,35
Olive Drab #7,#3C341F,60,52,31
Olive green,#B5B35C,181,179,92
Olivine,#9AB973,154,185,115
Onyx,#353839,53,56,57
Opal,#A8C3BC,168,195,188
Opera mauve,#B784A7,183,132,167
Orange,#FF7F00,255,127,0
Orange (Crayola),#FF7538,255,117,56
Orange (Pantone),#FF5800,255,88,0
Orange (web),#FFA500,255,165,0
Orange peel,#FF9F00,255,159,0
Orange-red,#FF681F,255,104,31
Orange-red (Crayola),#FF5349,255,83,73
Orange soda,#FA5B3D,250,91,61
Orange-yellow,#F5BD1F,245,189,31
Orange-yellow (Crayola),#F8D568,248,213,104
Orchid,#DA70D6,218,112,214
Orchid pink,#F2BDCD,242,189,205
Orchid (Crayola),#E29CD2,226,156,210
Outer space (Crayola),#2D383A,45,56,58
Outrageous Orange,#FF6E4A,255,110,74
Oxblood,#800020,128,0,32
Oxford blue,#002147,0,33,71
OU Crimson red,#841617,132,22,23
Pacific blue,#1CA9C9,28,169,201
Pakistan green,#006600,0,102,0
Palatinate purple,#682860,104,40,96
Pale aqua,#BCD4E6,188,212,230
Pale cerulean,#9BC4E2,155,196,226
Pale Dogwood,#ED7A9B,237,122,155
Pale pink,#FADADD,250,218,221
Pale purple (Pantone),#FAE6FA,250,230,250
Pale silver,#C9C0BB,201,192,187
Pale spring bud,#ECEBBD,236,235,189
Pansy purple,#78184A,120,24,74
Paolo Veronese green,#009B7D,0,155,125
Papaya whip,#FFEFD5,255,239,213
Paradise pink,#E63E62,230,62,98
Parchment,#F1E9D2,241,233,210
Paris Green,#50C878,80,200,120
Pastel pink,#DEA5A4,222,165,164
Patriarch,#800080,128,0,128
Payne's grey,#536878,83,104,120
Peach,#FFE5B4,255,229,180
Peach (Crayola),#FFCBA4,255,203,164
Peach puff,#FFDAB9,255,218,185
Pear,#D1E231,209,226,49
Pearly purple,#B768A2,183,104,162
Periwinkle,#CCCCFF,204,204,255
Periwinkle (Crayola),#C3CDE6,195,205,230
Permanent Geranium Lake,#E12C2C,225,44,44
Persian blue,#1C39BB,28,57,187
Persian green,#00A693,0,166,147
Persian indigo,#32127A,50,18,122
Persian orange,#D99058,217,144,88
Persian pink,#F77FBE,247,127,190
Persian plum,#701C1C,112,28,28
Persian red,#CC3333,204,51,51
Persian rose,#FE28A2,254,40,162
Persimmon,#EC5800,236,88,0
Pewter Blue,#8BA8B7,139,168,183
Phlox,#DF00FF,223,0,255
Phthalo blue,#000F89,0,15,137
Phthalo green,#123524,18,53,36
Picotee blue,#2E2787,46,39,135
Pictorial carmine,#C30B4E,195,11,78
Piggy pink,#FDDDE6,253,221,230
Pine green,#01796F,1,121,111
Pine tree,#2A2F23,42,47,35
Pink,#FFC0CB,255,192,203
Pink (Pantone),#D74894,215,72,148
Pink flamingo,#FC74FD,252,116,253
Pink lace,#FFDDF4,255,221,244
Pink lavender,#D8B2D1,216,178,209
Pink Sherbet,#F78FA7,247,143,167
Pistachio,#93C572,147,197,114
Platinum,#E5E4E2,229,228,226
Plum,#8E4585,142,69,133
Plum (web),#DDA0DD,221,160,221
Plump Purple,#5946B2,89,70,178
Polished Pine,#5DA493,93,164,147
Pomp and Power,#86608E,134,96,142
Popstar,#BE4F62,190,79,98
Portland Orange,#FF5A36,255,90,54
Powder blue,#B0E0E6,176,224,230
Princeton orange,#F58025,245,128,37
Process yellow,#FFEF00,255,239,0
Prune,#701C1C,112,28,28
Prussian blue,#003153,0,49,83
Psychedelic purple,#DF00FF,223,0,255
Puce,#CC8899,204,136,153
Pullman Brown (UPS Brown),#644117,100,65,23
Pumpkin,#FF7518,255,117,24
Purple,#6A0DAD,106,13,173
Purple (web),#800080,128,0,128
Purple (Munsell),#9F00C5,159,0,197
Purple (X11),#A020F0,160,32,240
Purple mountain majesty,#9678B6,150,120,182
Purple navy,#4E5180,78,81,128
Purple pizzazz,#FE4EDA,254,78,218
Purple Plum,#9C51B6,156,81,182
Purpureus,#9A4EAE,154,78,174
Queen blue,#436B95,67,107,149
Queen pink,#E8CCD7,232,204,215
Quick Silver,#A6A6A6,166,166,166
Quinacridone magenta,#8E3A59,142,58,89
Radical Red,#FF355E,255,53,94
Raisin black,#242124,36,33,36
Rajah,#FBAB60,251,171,96
Raspberry,#E30B5D,227,11,93
Raspberry glace,#915F6D,145,95,109
Raspberry rose,#B3446C,179,68,108
Raw sienna,#D68A59,214,138,89
Raw umber,#826644,130,102,68
Razzle dazzle rose,#FF33CC,255,51,204
Razzmatazz,#E3256B,227,37,107
Razzmic Berry,#8D4E85,141,78,133
Rebecca Purple,#663399,102,51,153
Red,#FF0000,255,0,0
Red (Crayola),#EE204D,238,32,77
Red (Munsell),#F2003C,242,0,60
Red (NCS),#C40233,196,2,51
Red (Pantone),#ED2939,237,41,57
Red (pigment),#ED1C24,237,28,36
Red (RYB),#FE2712,254,39,18
Red-orange,#FF5349,255,83,73
Red-orange (Crayola),#FF681F,255,104,31
Red-orange (Color wheel),#FF4500,255,69,0
Red-purple,#E40078,228,0,120
Red Salsa,#FD3A4A,253,58,74
Red-violet,#C71585,199,21,133
Red-violet (Crayola),#C0448F,192,68,143
Red-violet (Color wheel),#922B3E,146,43,62
Redwood,#A45A52,164,90,82
Resolution blue,#002387,0,35,135
Rhythm,#777696,119,118,150
Rich black,#004040,0,64,64
Rich black (FOGRA29),#010B13,1,11,19
Rich black (FOGRA39),#010203,1,2,3
Rifle green,#444C38,68,76,56
Robin egg blue,#00CCCC,0,204,204
Rocket metallic,#8A7F80,138,127,128
Rojo Spanish red,#A91101,169,17,1
Roman silver,#838996,131,137,150
Rose,#FF007F,255,0,127
Rose bonbon,#F9429E,249,66,158
Rose Dust,#9E5E6F,158,94,111
Rose ebony,#674846,103,72,70
Rose madder,#E32636,227,38,54
Rose pink,#FF66CC,255,102,204
Rose Pompadour,#ED7A9B,237,122,155
Rose quartz,#AA98A9,170,152,169
Rose red,#C21E56,194,30,86
Rose taupe,#905D5D,144,93,93
Rose vale,#AB4E52,171,78,82
Rosewood,#65000B,101,0,11
Rosso corsa,#D40000,212,0,0
Rosy brown,#BC8F8F,188,143,143
Royal blue (dark),#002366,0,35,102
Royal blue (light),#4169E1,65,105,225
Royal purple,#7851A9,120,81,169
Royal yellow,#FADA5E,250,218,94
Ruber,#CE4676,206,70,118
Rubine red,#D10056,209,0,86
Ruby,#E0115F,224,17,95
Ruby red,#9B111E,155,17,30
Rufous,#A81C07,168,28,7
Russet,#80461B,128,70,27
Russian green,#679267,103,146,103
Russian violet,#32174D,50,23,77
Rust,#B7410E,183,65,14
Rusty red,#DA2C43,218,44,67
Sacramento State green,#043927,4,57,39
Saddle brown,#8B4513,139,69,19
Safety orange,#FF7800,255,120,0
Safety orange (blaze orange),#FF6700,255,103,0
Safety yellow,#EED202,238,210,2
Saffron,#F4C430,244,196,48
Sage,#BCB88A,188,184,138
St. Patrick's blue,#23297A,35,41,122
Salmon,#FA8072,250,128,114
Salmon pink,#FF91A4,255,145,164
Sand,#C2B280,194,178,128
Sand dune,#967117,150,113,23
Sandy brown,#F4A460,244,164,96
Sap green,#507D2A,80,125,42
Sapphire,#0F52BA,15,82,186
Sapphire blue,#0067A5,0,103,165
Sapphire (Crayola),#0067A5,0,103,165
Satin sheen gold,#CBA135,203,161,53
Scarlet,#FF2400,255,36,0
Schauss pink,#FF91AF,255,145,175
School bus yellow,#FFD800,255,216,0
Screamin' Green,#66FF66,102,255,102
Sea green,#2E8B57,46,139,87
Sea green (Crayola),#00FFCD,0,255,205
Seal brown,#59260B,89,38,11
Seashell,#FFF5EE,255,245,238
Selective yellow,#FFBA00,255,186,0
Sepia,#704214,112,66,20
Shadow,#8A795D,138,121,93
Shadow blue,#778BA5,119,139,165
Shamrock green,#009E60,0,158,96
Sheen green,#8FD400,143,212,0
Shimmering Blush,#D98695,217,134,149
Shiny Shamrock,#5FA778,95,167,120
Shocking pink,#FC0FC0,252,15,192
Shocking pink (Crayola),#FF6FFF,255,111,255
Sienna,#882D17,136,45,23
Silver,#C0C0C0,192,192,192
Silver (Crayola),#C9C0BB,201,192,187
Silver (Metallic),#AAA9AD,170,169,173
Silver chalice,#ACACAC,172,172,172
Silver pink,#C4AEAD,196,174,173
Silver sand,#BFC1C2,191,193,194
Sinopia,#CB410B,203,65,11
Sizzling Red,#FF3855,255,56,85
Sizzling Sunrise,#FFDB00,255,219,0
Skobeloff,#007474,0,116,116
Sky blue,#87CEEB,135,206,235
Sky blue (Crayola),#76D7EA,118,215,234
Sky magenta,#CF71AF,207,113,175
Slate blue,#6A5ACD,106,90,205
Slate gray,#708090,112,128,144
Slimy green,#299617,41,150,23
Smitten,#C84186,200,65,134
Smoky black,#100C08,16,12,8
Snow,#FFFAFA,255,250,250
Solid pink,#893843,137,56,67
Sonic silver,#757575,117,117,117
Space cadet,#1D2951,29,41,81
Spanish bistre,#807532,128,117,50
Spanish blue,#0070B8,0,112,184
Spanish carmine,#D10047,209,0,71
Spanish gray,#989898,152,152,152
Spanish green,#009150,0,145,80
Spanish orange,#E86100,232,97,0
Spanish pink,#F7BFBE,247,191,190
Spanish red,#E60026,230,0,38
Spanish sky blue,#00FFFF,0,255,255
Spanish violet,#4C2882,76,40,130
Spanish viridian,#007F5C,0,127,92
Spring bud,#A7FC00,167,252,0
Spring Frost,#87FF2A,135,255,42
Spring green,#00FF7F,0,255,127
Spring green (Crayola),#ECEBBD,236,235,189
Star command blue,#007BB8,0,123,184
Steel blue,#4682B4,70,130,180
Steel pink,#CC33CC,204,51,204
Steel Teal,#5F8A8B,95,138,139
Stil de grain yellow,#FADA5E,250,218,94
Straw,#E4D96F,228,217,111
Sugar Plum,#914E75,145,78,117
Sunglow,#FFCC33,255,204,51
Sunray,#E3AB57,227,171,87
Sunset,#FAD6A5,250,214,165
Super pink,#CF6BA9,207,107,169
Sweet Brown,#A83731,168,55,49
Syracuse Orange,#D44500,212,69,0
Tan,#D2B48C,210,180,140
Tan (Crayola),#D99A6C,217,154,108
Tangerine,#F28500,242,133,0
Tango pink,#E4717A,228,113,122
Tart Orange,#FB4D46,251,77,70
Taupe,#483C32,72,60,50
Taupe gray,#8B8589,139,133,137
Tea green,#D0F0C0,208,240,192
Tea rose,#F88379,248,131,121
Tea rose,#F4C2C2,244,194,194
Teal,#008080,0,128,128
Teal blue,#367588,54,117,136
Telemagenta,#CF3476,207,52,118
Tenné (tawny),#CD5700,205,87,0
Terra cotta,#E2725B,226,114,91
Thistle,#D8BFD8,216,191,216
Thulian pink,#DE6FA1,222,111,161
Tickle Me Pink,#FC89AC,252,137,172
Tiffany Blue,#0ABAB5,10,186,181
Timberwolf,#DBD7D2,219,215,210
Titanium yellow,#EEE600,238,230,0
Tomato,#FF6347,255,99,71
Tropical rainforest,#00755E,0,117,94
True Blue,#2D68C4,45,104,196
Trypan Blue,#1C05B3,28,5,179
Tufts blue,#3E8EDE,62,142,222
Tumbleweed,#DEAA88,222,170,136
Turquoise,#40E0D0,64,224,208
Turquoise blue,#00FFEF,0,255,239
Turquoise green,#A0D6B4,160,214,180
Turtle green,#8A9A5B,138,154,91
Tuscan,#FAD6A5,250,214,165
Tuscan brown,#6F4E37,111,78,55
Tuscan red,#7C4848,124,72,72
Tuscan tan,#A67B5B,166,123,91
Tuscany,#C09999,192,153,153
Twilight lavender,#8A496B,138,73,107
Tyrian purple,#66023C,102,2,60
UA blue,#0033AA,0,51,170
UA red,#D9004C,217,0,76
Ultramarine,#3F00FF,63,0,255
Ultramarine blue,#4166F5,65,102,245
Ultra pink,#FF6FFF,255,111,255
Ultra red,#FC6C85,252,108,133
Umber,#635147,99,81,71
Unbleached silk,#FFDDCA,255,221,202
United Nations blue,#5B92E5,91,146,229
University of Pennsylvania red,#A50021,165,0,33
Unmellow yellow,#FFFF66,255,255,102
UP Forest green,#014421,1,68,33
UP maroon,#7B1113,123,17,19
Upsdell red,#AE2029,174,32,41
Uranian blue,#AFDBF5,175,219,245
USAFA blue,#004F98,0,79,152
Van Dyke brown,#664228,102,66,40
Vanilla,#F3E5AB,243,229,171
Vanilla ice,#F38FA9,243,143,169
Vegas gold,#C5B358,197,179,88
Venetian red,#C80815,200,8,21
Verdigris,#43B3AE,67,179,174
Vermilion,#E34234,227,66,52
Vermilion,#D9381E,217,56,30
Veronica,#A020F0,160,32,240
Violet,#8F00FF,143,0,255
Violet (color wheel),#7F00FF,127,0,255
Violet (crayola),#963D7F,150,61,127
Violet (RYB),#8601AF,134,1,175
Violet (web),#EE82EE,238,130,238
Violet-blue,#324AB2,50,74,178
Violet-blue (Crayola),#766EC8,118,110,200
Violet-red,#F75394,247,83,148
Viridian,#40826D,64,130,109
Viridian green,#009698,0,150,152
Vivid burgundy,#9F1D35,159,29,53
Vivid sky blue,#00CCFF,0,204,255
Vivid tangerine,#FFA089,255,160,137
Vivid violet,#9F00FF,159,0,255
Volt,#CEFF00,206,255,0
Warm black,#004242,0,66,66
Wheat,#F5DEB3,245,222,179
White,#FFFFFF,255,255,255
Wild blue yonder,#A2ADD0,162,173,208
Wild orchid,#D470A2,212,112,162
Wild Strawberry,#FF43A4,255,67,164
Wild watermelon,#FC6C85,252,108,133
Windsor tan,#A75502,167,85,2
Wine,#722F37,114,47,55
Wine dregs,#673147,103,49,71
Winter Sky,#FF007C,255,0,124
Wintergreen Dream,#56887D,86,136,125
Wisteria,#C9A0DC,201,160,220
Wood brown,#C19A6B,193,154,107
Xanadu,#738678,115,134,120
Xanthic,#EEED09,238,237,9
Yale Blue,#00356B,0,53,107
Yellow,#FFFF00,255,255,0
Yellow (Crayola),#FCE883,252,232,131
Yellow (Munsell),#EFCC00,239,204,0
Yellow (NCS),#FFD300,255,211,0
Yellow (Pantone),#FEDF00,254,223,0
Yellow (process),#FFEF00,255,239,0
Yellow (RYB),#FEFE33,254,254,51
Yellow-green,#9ACD32,154,205,50
Yellow-green (Crayola),#C5E384,197,227,132
Yellow-green (Color Wheel),#30B21A,48,178,26
Yellow Orange,#FFAE42,255,174,66
Yellow Orange (Color Wheel),#FF9505,255,149,5
Yellow Sunshine,#FFF700,255,247,0
YInMn Blue,#2E5090,46,80,144
Zaffre,#0014A8,0,20,168
Zomp,#39A78E,57,167,142
Air Force Blue (Raf),#5D8AA8,93,138,168
Air Force Blue (Usaf),#00308F,0,48,143
Air Superiority Blue,#72A0C1,114,160,193
Alabama Crimson,#A32638,163,38,56
Alice Blue,#F0F8FF,240,248,255
Alizarin Crimson,#E32636,227,38,54
Alloy Orange,#C46210,196,98,16
Almond,#EFDECD,239,222,205
Amaranth,#E52B50,229,43,80
Amber,#FFBF00,255,191,0
Amber (Sae/Ece),#FF7E00,255,126,0
American Rose,#FF033E,255,3,62
Android Green,#A4C639,164,198,57
Anti-Flash White,#F2F3F4,242,243,244
Antique Brass,#CD9575,205,149,117
Antique Fuchsia,#915C83,145,92,131
Antique Ruby,#841B2D,132,27,45
Antique White,#FAEBD7,250,235,215
Ao (English),#008000,0,128,0
Apple Green,#8DB600,141,182,0
Apricot,#FBCEB1,251,206,177
Aquamarine,#7FFFD4,127,255,212
Army Green,#4B5320,75,83,32
Arsenic,#3B444B,59,68,75
Arylide Yellow,#E9D66B,233,214,107
Ash Grey,#B2BEB5,178,190,181
Asparagus,#87A96B,135,169,107
Auburn,#A52A2A,165,42,42
Aureolin,#FDEE00,253,238,0
Aurometalsaurus,#6E7F80,110,127,128
Avocado,#568203,86,130,3
Azure,#007FFF,0,127,255
Azure Mist/Web,#F0FFFF,240,255,255
Baby Blue,#89CFF0,137,207,240
Baby Blue Eyes,#A1CAF1,161,202,241
Baby Pink,#F4C2C2,244,194,194
Ball Blue,#21ABCD,33,171,205
Banana Mania,#FAE7B5,250,231,181
Banana Yellow,#FFE135,255,225,53
Barn Red,#7C0A02,124,10,2
Battleship Grey,#848482,132,132,130
Bazaar,#98777B,152,119,123
Beau Blue,#BCD4E6,188,212,230
Beaver,#9F8170,159,129,112
Beige,#F5F5DC,245,245,220
Big Dip O’Ruby,#9C2542,156,37,66
Bisque,#FFE4C4,255,228,196
Bistre,#3D2B1F,61,43,31
Bittersweet,#FE6F5E,254,111,94
Bittersweet Shimmer,#BF4F51,191,79,81
Black Bean,#3D0C02,61,12,2
Black Leather Jacket,#253529,37,53,41
Black Olive,#3B3C36,59,60,54
Blanched Almond,#FFEBCD,255,235,205
Blast-Off Bronze,#A57164,165,113,100
Bleu De France,#318CE7,49,140,231
Blizzard Blue,#ACE5EE,172,229,238
Blond,#FAF0BE,250,240,190
Blue Bell,#A2A2D0,162,162,208
Blue (Crayola),#1F75FE,31,117,254
Blue-Green,#0D98BA,13,152,186
Blue (Munsell),#0093AF,0,147,175
Blue (Ncs),#0087BD,0,135,189
Blue (Ryb),#0247FE,2,71,254
Blue Sapphire,#126180,18,97,128
Blue-Violet,#8A2BE2,138,43,226
Blush,#DE5D83,222,93,131
Bole,#79443B,121,68,59
Bondi Blue,#0095B6,0,149,182
Bone,#E3DAC9,227,218,201
Bottle Green,#006A4E,0,106,78
Boysenberry,#873260,135,50,96
Brandeis Blue,#0070FF,0,112,255
Brass,#B5A642,181,166,66
Brick Red,#CB4154,203,65,84
Bright Cerulean,#1DACD6,29,172,214
Bright Lavender,#BF94E4,191,148,228
Bright Maroon,#C32148,195,33,72
Bright Pink,#FF007F,255,0,127
Bright Turquoise,#08E8DE,8,232,222
Bright Ube,#D19FE8,209,159,232
Brilliant Lavender,#F4BBFF,244,187,255
Brilliant Rose,#FF55A3,255,85,163
Brink Pink,#FB607F,251,96,127
British Racing Green,#004225,0,66,37
Bronze,#CD7F32,205,127,50
Brown (Traditional),#964B00,150,75,0
Brown (Web),#A52A2A,165,42,42
Bubble Gum,#FFC1CC,255,193,204
Bubbles,#E7FEFF,231,254,255
Buff,#F0DC82,240,220,130
Bulgarian Rose,#480607,72,6,7
Burgundy,#800020,128,0,32
Burlywood,#DEB887,222,184,135
Burnt Sienna,#E97451,233,116,81
Burnt Umber,#8A3324,138,51,36
Byzantine,#BD33A4,189,51,164
Byzantium,#702963,112,41,99
Cadet,#536872,83,104,114
Cadet Blue,#5F9EA0,95,158,160
Cadet Grey,#91A3B0,145,163,176
Cadmium Green,#006B3C,0,107,60
Cadmium Orange,#ED872D,237,135,45
Cadmium Red,#E30022,227,0,34
Cadmium Yellow,#FFF600,255,246,0
Café Au Lait,#A67B5B,166,123,91
Café Noir,#4B3621,75,54,33
Cal Poly Green,#1E4D2B,30,77,43
Cambridge Blue,#A3C1AD,163,193,173
Camel,#C19A6B,193,154,107
Cameo Pink,#EFBBCC,239,187,204
Camouflage Green,#78866B,120,134,107
Canary Yellow,#FFEF00,255,239,0
Candy Apple Red,#FF0800,255,8,0
Candy Pink,#E4717A,228,113,122
Capri,#00BFFF,0,191,255
Caput Mortuum,#592720,89,39,32
Cardinal,#C41E3A,196,30,58
Carmine,#960018,150,0,24
Carmine (M&P),#D70040,215,0,64
Carmine Pink,#EB4C42,235,76,66
Carmine Red,#FF0038,255,0,56
Carnation Pink,#FFA6C9,255,166,201
Carnelian,#B31B1B,179,27,27
Carolina Blue,#99BADD,153,186,221
Carrot Orange,#ED9121,237,145,33
Catalina Blue,#062A78,6,42,120
Ceil,#92A1CF,146,161,207
Celadon,#ACE1AF,172,225,175
Celadon Blue,#007BA7,0,123,167
Celadon Green,#2F847C,47,132,124
Celeste (Colour),#B2FFFF,178,255,255
Celestial Blue,#4997D0,73,151,208
Cerise,#DE3163,222,49,99
Cerise Pink,#EC3B83,236,59,131
Cerulean,#007BA7,0,123,167
Cerulean Blue,#2A52BE,42,82,190
Cerulean Frost,#6D9BC3,109,155,195
Cg Blue,#007AA5,0,122,165
Cg Red,#E03C31,224,60,49
Chamoisee,#A0785A,160,120,90
Champagne,#FAD6A5,250,214,165
Charcoal,#36454F,54,69,79
Charm Pink,#E68FAC,230,143,172
Chartreuse (Traditional),#DFFF00,223,255,0
Chartreuse (Web),#7FFF00,127,255,0
Cherry,#DE3163,222,49,99
Cherry Blossom Pink,#FFB7C5,255,183,197
Chestnut,#CD5C5C,205,92,92
China Pink,#DE6FA1,222,111,161
China Rose,#A8516E,168,81,110
Chinese Red,#AA381E,170,56,30
Chocolate (Traditional),#7B3F00,123,63,0
Chocolate (Web),#D2691E,210,105,30
Chrome Yellow,#FFA700,255,167,0
Cinereous,#98817B,152,129,123
Cinnabar,#E34234,227,66,52
Cinnamon,#D2691E,210,105,30
Citrine,#E4D00A,228,208,10
Classic Rose,#FBCCE7,251,204,231
Cobalt,#0047AB,0,71,171
Cocoa Brown,#D2691E,210,105,30
Coffee,#6F4E37,111,78,55
Columbia Blue,#9BDDFF,155,221,255
Congo Pink,#F88379,248,131,121
Cool Black,#002E63,0,46,99
Cool Grey,#8C92AC,140,146,172
Copper,#B87333,184,115,51
Copper (Crayola),#DA8A67,218,138,103
Copper Penny,#AD6F69,173,111,105
Copper Red,#CB6D51,203,109,81
Coquelicot,#FF3800,255,56,0
Coral,#FF7F50,255,127,80
Coral Pink,#F88379,248,131,121
Coral Red,#FF4040,255,64,64
Cordovan,#893F45,137,63,69
Corn,#FBEC5D,251,236,93
Cornell Red,#B31B1B,179,27,27
Cornflower Blue,#6495ED,100,149,237
Cornsilk,#FFF8DC,255,248,220
Cosmic Latte,#FFF8E7,255,248,231
Cotton Candy,#FFBCD9,255,188,217
Cream,#FFFDD0,255,253,208
Crimson,#DC143C,220,20,60
Crimson Glory,#BE0032,190,0,50
Cyan (Process),#00B7EB,0,183,235
Daffodil,#FFFF31,255,255,49
Dandelion,#F0E130,240,225,48
Dark Blue,#00008B,0,0,139
Dark Brown,#654321,101,67,33
Dark Byzantium,#5D3954,93,57,84
Dark Candy Apple Red,#A40000,164,0,0
Dark Cerulean,#08457E,8,69,126
Dark Chestnut,#986960,152,105,96
Dark Coral,#CD5B45,205,91,69
Dark Cyan,#008B8B,0,139,139
Dark Electric Blue,#536878,83,104,120
Dark Goldenrod,#B8860B,184,134,11
Dark Gray,#A9A9A9,169,169,169
Dark Green,#013220,1,50,32
Dark Imperial Blue,#00416A,0,65,106
Dark Jungle Green,#1A2421,26,36,33
Dark Khaki,#BDB76B,189,183,107
Dark Lava,#483C32,72,60,50
Dark Lavender,#734F96,115,79,150
Dark Magenta,#8B008B,139,0,139
Dark Olive Green,#556B2F,85,107,47
Dark Orange,#FF8C00,255,140,0
Dark Orchid,#9932CC,153,50,204
Dark Pastel Blue,#779ECB,119,158,203
Dark Pastel Green,#03C03C,3,192,60
Dark Pastel Purple,#966FD6,150,111,214
Dark Pastel Red,#C23B22,194,59,34
Dark Pink,#E75480,231,84,128
Dark Raspberry,#872657,135,38,87
Dark Red,#8B0000,139,0,0
Dark Salmon,#E9967A,233,150,122
Dark Scarlet,#560319,86,3,25
Dark Sea Green,#8FBC8F,143,188,143
Dark Sienna,#3C1414,60,20,20
Dark Slate Blue,#483D8B,72,61,139
Dark Slate Gray,#2F4F4F,47,79,79
Dark Spring Green,#177245,23,114,69
Dark Tan,#918151,145,129,81
Dark Tangerine,#FFA812,255,168,18
Dark Taupe,#483C32,72,60,50
Dark Terra Cotta,#CC4E5C,204,78,92
Dark Turquoise,#00CED1,0,206,209
Dark Violet,#9400D3,148,0,211
Dark Yellow,#9B870C,155,135,12
Dartmouth Green,#00703C,0,112,60
Debian Red,#D70A53,215,10,83
Deep Carmine,#A9203E,169,32,62
Deep Carmine Pink,#EF3038,239,48,56
Deep Carrot Orange,#E9692C,233,105,44
Deep Cerise,#DA3287,218,50,135
Deep Champagne,#FAD6A5,250,214,165
Deep Chestnut,#B94E48,185,78,72
Deep Coffee,#704241,112,66,65
Deep Fuchsia,#C154C1,193,84,193
Deep Jungle Green,#004B49,0,75,73
Deep Peach,#FFCBA4,255,203,164
Deep Pink,#FF1493,255,20,147
Deep Ruby,#843F5B,132,63,91
Deep Sky Blue,#00BFFF,0,191,255
Deep Tuscan Red,#66424D,102,66,77
Denim,#1560BD,21,96,189
Desert,#C19A6B,193,154,107
Desert Sand,#EDC9AF,237,201,175
Dim Gray,#696969,105,105,105
Dodger Blue,#1E90FF,30,144,255
Dogwood Rose,#D71868,215,24,104
Dollar Bill,#85BB65,133,187,101
Drab,#967117,150,113,23
Duke Blue,#00009C,0,0,156
Earth Yellow,#E1A95F,225,169,95
Ebony,#555D50,85,93,80
Ecru,#C2B280,194,178,128
Eggplant,#614051,97,64,81
Eggshell,#F0EAD6,240,234,214
Egyptian Blue,#1034A6,16,52,166
Electric Blue,#7DF9FF,125,249,255
Electric Crimson,#FF003F,255,0,63
Electric Indigo,#6F00FF,111,0,255
Electric Lavender,#F4BBFF,244,187,255
Electric Purple,#BF00FF,191,0,255
Electric Ultramarine,#3F00FF,63,0,255
Electric Violet,#8F00FF,143,0,255
Emerald,#50C878,80,200,120
English Lavender,#B48395,180,131,149
Eton Blue,#96C8A2,150,200,162
Fallow,#C19A6B,193,154,107
Falu Red,#801818,128,24,24
Fandango,#B53389,181,51,137
Fashion Fuchsia,#F400A1,244,0,161
Fawn,#E5AA70,229,170,112
Feldgrau,#4D5D53,77,93,83
Fern Green,#4F7942,79,121,66
Ferrari Red,#FF2800,255,40,0
Field Drab,#6C541E,108,84,30
Fire Engine Red,#CE2029,206,32,41
Firebrick,#B22222,178,34,34
Flame,#E25822,226,88,34
Flamingo Pink,#FC8EAC,252,142,172
Flavescent,#F7E98E,247,233,142
Flax,#EEDC82,238,220,130
Floral White,#FFFAF0,255,250,240
Fluorescent Orange,#FFBF00,255,191,0
Fluorescent Pink,#FF1493,255,20,147
Folly,#FF004F,255,0,79
Forest Green (Traditional),#014421,1,68,33
Forest Green (Web),#228B22,34,139,34
French Beige,#A67B5B,166,123,91
French Blue,#0072BB,0,114,187
French Lilac,#86608E,134,96,142
French Raspberry,#C72C48,199,44,72
French Rose,#F64A8A,246,74,138
Fuchsia (Crayola),#C154C1,193,84,193
Fuchsia Rose,#C74375,199,67,117
Fulvous,#E48400,228,132,0
Gainsboro,#DCDCDC,220,220,220
Gamboge,#E49B0F,228,155,15
Ghost White,#F8F8FF,248,248,255
Ginger,#B06500,176,101,0
Glaucous,#6082B6,96,130,182
Glitter,#E6E8FA,230,232,250
Gold (Metallic),#D4AF37,212,175,55
Gold (Web) (Golden),#FFD700,255,215,0
Golden Brown,#996515,153,101,21
Golden Poppy,#FCC200,252,194,0
Golden Yellow,#FFDF00,255,223,0
Goldenrod,#DAA520,218,165,32
Granny Smith Apple,#A8E4A0,168,228,160
Gray,#808080,128,128,128
Gray-Asparagus,#465945,70,89,69
Gray (Html/Css Gray),#808080,128,128,128
Gray (X11 Gray),#BEBEBE,190,190,190
Green (Crayola),#1CAC78,28,172,120
Green (Html/Css Green),#008000,0,128,0
Green (Munsell),#00A877,0,168,119
Green (Ncs),#009F6B,0,159,107
Green (Pigment),#00A550,0,165,80
Green (Ryb),#66B032,102,176,50
Green-Yellow,#ADFF2F,173,255,47
Grullo,#A99A86,169,154,134
Guppie Green,#00FF7F,0,255,127
Halayà úBe,#663854,102,56,84
Han Blue,#446CCF,68,108,207
Han Purple,#5218FA,82,24,250
Hansa Yellow,#E9D66B,233,214,107
Harlequin,#3FFF00,63,255,0
Harvard Crimson,#C90016,201,0,22
Harvest Gold,#DA9100,218,145,0
Heart Gold,#808000,128,128,0
Heliotrope,#DF73FF,223,115,255
Hollywood Cerise,#F400A1,244,0,161
Honeydew,#F0FFF0,240,255,240
Honolulu Blue,#007FBF,0,127,191
Hooker'S Green,#49796B,73,121,107
Hot Magenta,#FF1DCE,255,29,206
Hot Pink,#FF69B4,255,105,180
Hunter Green,#355E3B,53,94,59
Iceberg,#71A6D2,113,166,210
Icterine,#FCF75E,252,247,94
Imperial Blue,#002395,0,35,149
Inchworm,#B2EC5D,178,236,93
India Green,#138808,19,136,8
Indian Red,#CD5C5C,205,92,92
Indian Yellow,#E3A857,227,168,87
Indigo,#6F00FF,111,0,255
Indigo (Dye),#00416A,0,65,106
Indigo (Web),#4B0082,75,0,130
International Klein Blue,#002FA7,0,47,167
International Orange (Aerospace),#FF4F00,255,79,0
International Orange (Engineering),#BA160C,186,22,12
International Orange (Golden Gate Bridge),#C0362C,192,54,44
Iris,#5A4FCF,90,79,207
Isabelline,#F4F0EC,244,240,236
Islamic Green,#009000,0,144,0
Ivory,#FFFFF0,255,255,240
Jade,#00A86B,0,168,107
Jasmine,#F8DE7E,248,222,126
Jasper,#D73B3E,215,59,62
Jazzberry Jam,#A50B5E,165,11,94
Jet,#343434,52,52,52
Jonquil,#FADA5E,250,218,94
June Bud,#BDDA57,189,218,87
Jungle Green,#29AB87,41,171,135
Kelly Green,#4CBB17,76,187,23
Kenyan Copper,#7C1C05,124,28,5
Khaki (Html/Css) (Khaki),#C3B091,195,176,145
Khaki (X11) (Light Khaki),#F0E68C,240,230,140
Ku Crimson,#E8000D,232,0,13
La Salle Green,#087830,8,120,48
Languid Lavender,#D6CADD,214,202,221
Lapis Lazuli,#26619C,38,97,156
Laser Lemon,#FEFE22,254,254,34
Laurel Green,#A9BA9D,169,186,157
Lava,#CF1020,207,16,32
Lavender Blush,#FFF0F5,255,240,245
Lavender (Floral),#B57EDC,181,126,220
Lavender Gray,#C4C3D0,196,195,208
Lavender Indigo,#9457EB,148,87,235
Lavender Magenta,#EE82EE,238,130,238
Lavender Mist,#E6E6FA,230,230,250
Lavender Pink,#FBAED2,251,174,210
Lavender Purple,#967BB6,150,123,182
Lavender Rose,#FBA0E3,251,160,227
Lavender (Web),#E6E6FA,230,230,250
Lawn Green,#7CFC00,124,252,0
Lemon,#FFF700,255,247,0
Lemon Chiffon,#FFFACD,255,250,205
Lemon Lime,#E3FF00,227,255,0
Licorice,#1A1110,26,17,16
Light Apricot,#FDD5B1,253,213,177
Light Blue,#ADD8E6,173,216,230
Light Brown,#B5651D,181,101,29
Light Carmine Pink,#E66771,230,103,113
Light Coral,#F08080,240,128,128
Light Cornflower Blue,#93CCEA,147,204,234
Light Crimson,#F56991,245,105,145
Light Cyan,#E0FFFF,224,255,255
Light Fuchsia Pink,#F984EF,249,132,239
Light Goldenrod Yellow,#FAFAD2,250,250,210
Light Gray,#D3D3D3,211,211,211
Light Green,#90EE90,144,238,144
Light Khaki,#F0E68C,240,230,140
Light Pastel Purple,#B19CD9,177,156,217
Light Pink,#FFB6C1,255,182,193
Light Red Ochre,#E97451,233,116,81
Light Salmon,#FFA07A,255,160,122
Light Sea Green,#20B2AA,32,178,170
Light Sky Blue,#87CEFA,135,206,250
Light Taupe,#B38B6D,179,139,109
Light Thulian Pink,#E68FAC,230,143,172
Light Yellow,#FFFFE0,255,255,224
Lilac,#C8A2C8,200,162,200
Lime (Color Wheel),#BFFF00,191,255,0
Lime Green,#32CD32,50,205,50
Limerick,#9DC209,157,194,9
Lincoln Green,#195905,25,89,5
Linen,#FAF0E6,250,240,230
Lion,#C19A6B,193,154,107
Little Boy Blue,#6CA0DC,108,160,220
Liver,#534B4F,83,75,79
Lust,#E62020,230,32,32
Magenta (Dye),#CA1F7B,202,31,123
Magenta (Process),#FF0090,255,0,144
Magic Mint,#AAF0D1,170,240,209
Magnolia,#F8F4FF,248,244,255
Mahogany,#C04000,192,64,0
Maize,#FBEC5D,251,236,93
Majorelle Blue,#6050DC,96,80,220
Malachite,#0BDA51,11,218,81
Manatee,#979AAA,151,154,170
Mango Tango,#FF8243,255,130,67
Mantis,#74C365,116,195,101
Mardi Gras,#880085,136,0,133
Maroon (Crayola),#C32148,195,33,72
Maroon (Html/Css),#800000,128,0,0
Maroon (X11),#B03060,176,48,96
Mauve,#E0B0FF,224,176,255
Mauve Taupe,#915F6D,145,95,109
Mauvelous,#EF98AA,239,152,170
Maya Blue,#73C2FB,115,194,251
Meat Brown,#E5B73B,229,183,59
Medium Blue,#0000CD,0,0,205
Medium Candy Apple Red,#E2062C,226,6,44
Medium Carmine,#AF4035,175,64,53
Medium Champagne,#F3E5AB,243,229,171
Medium Electric Blue,#035096,3,80,150
Medium Jungle Green,#1C352D,28,53,45
Medium Lavender Magenta,#DDA0DD,221,160,221
Medium Orchid,#BA55D3,186,85,211
Medium Persian Blue,#0067A5,0,103,165
Medium Purple,#9370DB,147,112,219
Medium Red-Violet,#BB3385,187,51,133
Medium Ruby,#AA4069,170,64,105
Medium Sea Green,#3CB371,60,179,113
Medium Slate Blue,#7B68EE,123,104,238
Medium Spring Bud,#C9DC87,201,220,135
Medium Spring Green,#00FA9A,0,250,154
Medium Taupe,#674C47,103,76,71
Medium Turquoise,#48D1CC,72,209,204
Medium Tuscan Red,#79443B,121,68,59
Medium Vermilion,#D9603B,217,96,59
Medium Violet-Red,#C71585,199,21,133
Mellow Apricot,#F8B878,248,184,120
Mellow Yellow,#F8DE7E,248,222,126
Melon,#FDBCB4,253,188,180
Midnight Blue,#191970,25,25,112
Midnight Green (Eagle Green),#004953,0,73,83
Mikado Yellow,#FFC40C,255,196,12
Mint,#3EB489,62,180,137
Mint Cream,#F5FFFA,245,255,250
Mint Green,#98FF98,152,255,152
Misty Rose,#FFE4E1,255,228,225
Moccasin,#FAEBD7,250,235,215
Mode Beige,#967117,150,113,23
Moonstone Blue,#73A9C2,115,169,194
Mordant Red 19,#AE0C00,174,12,0
Moss Green,#ADDFAD,173,223,173
Mountain Meadow,#30BA8F,48,186,143
Mountbatten Pink,#997A8D,153,122,141
Msu Green,#18453B,24,69,59
Mulberry,#C54B8C,197,75,140
Mustard,#FFDB58,255,219,88
Myrtle,#21421E,33,66,30
Nadeshiko Pink,#F6ADC6,246,173,198
Napier Green,#2A8000,42,128,0
Naples Yellow,#FADA5E,250,218,94
Navajo White,#FFDEAD,255,222,173
Navy Blue,#000080,0,0,128
Neon Carrot,#FFA343,255,163,67
Neon Fuchsia,#FE4164,254,65,100
Neon Green,#39FF14,57,255,20
New York Pink,#D7837F,215,131,127
Non-Photo Blue,#A4DDED,164,221,237
North Texas Green,#059033,5,144,51
Ocean Boat Blue,#0077BE,0,119,190
Office Green,#008000,0,128,0
Old Gold,#CFB53B,207,181,59
Old Lace,#FDF5E6,253,245,230
Old Lavender,#796878,121,104,120
Old Mauve,#673147,103,49,71
Old Rose,#C08081,192,128,129
Olive,#808000,128,128,0
Olive Drab #7,#3C341F,60,52,31
Olive Drab (Web) (Olive Drab #3),#6B8E23,107,142,35
Olivine,#9AB973,154,185,115
Onyx,#353839,53,56,57
Opera Mauve,#B784A7,183,132,167
Orange (Color Wheel),#FF7F00,255,127,0
Orange Peel,#FF9F00,255,159,0
Orange-Red,#FF4500,255,69,0
Orange (Ryb),#FB9902,251,153,2
Orange (Web Color),#FFA500,255,165,0
Orchid,#DA70D6,218,112,214
Otter Brown,#654321,101,67,33
Outer Space,#414A4C,65,74,76
Outrageous Orange,#FF6E4A,255,110,74
Oxford Blue,#002147,0,33,71
Palatinate Blue,#273BE2,39,59,226
Palatinate Purple,#682860,104,40,96
Pale Aqua,#BCD4E6,188,212,230
Pale Blue,#AFEEEE,175,238,238
Pale Brown,#987654,152,118,84
Pale Carmine,#AF4035,175,64,53
Pale Cerulean,#9BC4E2,155,196,226
Pale Chestnut,#DDADAF,221,173,175
Pale Copper,#DA8A67,218,138,103
Pale Cornflower Blue,#ABCDEF,171,205,239
Pale Gold,#E6BE8A,230,190,138
Pale Goldenrod,#EEE8AA,238,232,170
Pale Green,#98FB98,152,251,152
Pale Lavender,#DCD0FF,220,208,255
Pale Magenta,#F984E5,249,132,229
Pale Pink,#FADADD,250,218,221
Pale Plum,#DDA0DD,221,160,221
Pale Red-Violet,#DB7093,219,112,147
Pale Robin Egg Blue,#96DED1,150,222,209
Pale Silver,#C9C0BB,201,192,187
Pale Spring Bud,#ECEBBD,236,235,189
Pale Taupe,#BC987E,188,152,126
Pale Violet-Red,#DB7093,219,112,147
Pansy Purple,#78184A,120,24,74
Papaya Whip,#FFEFD5,255,239,213
Paris Green,#50C878,80,200,120
Pastel Blue,#AEC6CF,174,198,207
Pastel Brown,#836953,131,105,83
Pastel Gray,#CFCFC4,207,207,196
Pastel Magenta,#F49AC2,244,154,194
Pastel Orange,#FFB347,255,179,71
Pastel Pink,#DEA5A4,222,165,164
Pastel Purple,#B39EB5,179,158,181
Pastel Red,#FF6961,255,105,97
Pastel Violet,#CB99C9,203,153,201
Pastel Yellow,#FDFD96,253,253,150
Patriarch,#800080,128,0,128
Payne'S Grey,#536878,83,104,120
Peach,#FFE5B4,255,229,180
Peach (Crayola),#FFCBA4,255,203,164
Peach Puff,#FFDAB9,255,218,185
Peach-Yellow,#FADFAD,250,223,173
Pear,#D1E231,209,226,49
Pearl,#EAE0C8,234,224,200
Pearl Aqua,#88D8C0,136,216,192
Pearly Purple,#B768A2,183,104,162
Peridot,#E6E200,230,226,0
Persian Blue,#1C39BB,28,57,187
Persian Green,#00A693,0,166,147
Persian Indigo,#32127A,50,18,122
Persian Orange,#D99058,217,144,88
Persian Pink,#F77FBE,247,127,190
Persian Plum,#701C1C,112,28,28
Persian Rose,#FE28A2,254,40,162
Persimmon,#EC5800,236,88,0
Peru,#CD853F,205,133,63
Phlox,#DF00FF,223,0,255
Phthalo Blue,#000F89,0,15,137
Phthalo Green,#123524,18,53,36
Piggy Pink,#FDDDE6,253,221,230
Pine Green,#01796F,1,121,111
Pink,#FFC0CB,255,192,203
Pink Lace,#FFDDF4,255,221,244
Pink Pearl,#E7ACCF,231,172,207
Pink Sherbet,#F78FA7,247,143,167
Pistachio,#93C572,147,197,114
Platinum,#E5E4E2,229,228,226
Plum (Traditional),#8E4585,142,69,133
Plum (Web),#DDA0DD,221,160,221
Portland Orange,#FF5A36,255,90,54
Powder Blue (Web),#B0E0E6,176,224,230
Princeton Orange,#FF8F00,255,143,0
Prune,#701C1C,112,28,28
Prussian Blue,#003153,0,49,83
Psychedelic Purple,#DF00FF,223,0,255
Pumpkin,#FF7518,255,117,24
Purple Heart,#69359C,105,53,156
Purple (Html/Css),#800080,128,0,128
Purple Mountain Majesty,#9678B6,150,120,182
Purple (Munsell),#9F00C5,159,0,197
Purple Pizzazz,#FE4EDA,254,78,218
Purple Taupe,#50404D,80,64,77
Purple (X11),#A020F0,160,32,240
Quartz,#51484F,81,72,79
Rackley,#5D8AA8,93,138,168
Radical Red,#FF355E,255,53,94
Rajah,#FBAB60,251,171,96
Raspberry,#E30B5D,227,11,93
Raspberry Glace,#915F6D,145,95,109
Raspberry Pink,#E25098,226,80,152
Raspberry Rose,#B3446C,179,68,108
Raw Umber,#826644,130,102,68
Razzmatazz,#E3256B,227,37,107
Red-Brown,#A52A2A,165,42,42
Red Devil,#860111,134,1,17
Red (Munsell),#F2003C,242,0,60
Red (Ncs),#C40233,196,2,51
Red-Orange,#FF5349,255,83,73
Red (Pigment),#ED1C24,237,28,36
Red (Ryb),#FE2712,254,39,18
Red-Violet,#C71585,199,21,133
Redwood,#AB4E52,171,78,82
Regalia,#522D80,82,45,128
Resolution Blue,#002387,0,35,135
Rich Black,#004040,0,64,64
Rich Brilliant Lavender,#F1A7FE,241,167,254
Rich Carmine,#D70040,215,0,64
Rich Electric Blue,#0892D0,8,146,208
Rich Lavender,#A76BCF,167,107,207
Rich Lilac,#B666D2,182,102,210
Rich Maroon,#B03060,176,48,96
Rifle Green,#414833,65,72,51
Rose,#FF007F,255,0,127
Rose Bonbon,#F9429E,249,66,158
Rose Ebony,#674846,103,72,70
Rose Gold,#B76E79,183,110,121
Rose Madder,#E32636,227,38,54
Rose Quartz,#AA98A9,170,152,169
Rose Taupe,#905D5D,144,93,93
Rose Vale,#AB4E52,171,78,82
Rosewood,#65000B,101,0,11
Rosso Corsa,#D40000,212,0,0
Rosy Brown,#BC8F8F,188,143,143
Royal Azure,#0038A8,0,56,168
Royal Blue (Traditional),#002366,0,35,102
Royal Blue (Web),#4169E1,65,105,225
Royal Fuchsia,#CA2C92,202,44,146
Royal Purple,#7851A9,120,81,169
Royal Yellow,#FADA5E,250,218,94
Rubine Red,#D10056,209,0,86
Ruby,#E0115F,224,17,95
Ruby Red,#9B111E,155,17,30
Ruddy,#FF0028,255,0,40
Ruddy Brown,#BB6528,187,101,40
Ruddy Pink,#E18E96,225,142,150
Rufous,#A81C07,168,28,7
Russet,#80461B,128,70,27
Rust,#B7410E,183,65,14
Rusty Red,#DA2C43,218,44,67
Sacramento State Green,#00563F,0,86,63
Saddle Brown,#8B4513,139,69,19
Safety Orange (Blaze Orange),#FF6700,255,103,0
Saffron,#F4C430,244,196,48
Salmon,#FF8C69,255,140,105
Salmon Pink,#FF91A4,255,145,164
Sand,#C2B280,194,178,128
Sand Dune,#967117,150,113,23
Sandstorm,#ECD540,236,213,64
Sandy Brown,#F4A460,244,164,96
Sandy Taupe,#967117,150,113,23
Sangria,#92000A,146,0,10
Sap Green,#507D2A,80,125,42
Sapphire,#0F52BA,15,82,186
Sapphire Blue,#0067A5,0,103,165
Satin Sheen Gold,#CBA135,203,161,53
Scarlet,#FF2400,255,36,0
Scarlet (Crayola),#FD0E35,253,14,53
School Bus Yellow,#FFD800,255,216,0
Screamin' Green,#76FF7A,118,255,122
Sea Blue,#006994,0,105,148
Sea Green,#2E8B57,46,139,87
Seal Brown,#321414,50,20,20
Seashell,#FFF5EE,255,245,238
Selective Yellow,#FFBA00,255,186,0
Sepia,#704214,112,66,20
Shadow,#8A795D,138,121,93
Shamrock Green,#009E60,0,158,96
Shocking Pink,#FC0FC0,252,15,192
Shocking Pink (Crayola),#FF6FFF,255,111,255
Sienna,#882D17,136,45,23
Silver,#C0C0C0,192,192,192
Sinopia,#CB410B,203,65,11
Skobeloff,#007474,0,116,116
Sky Blue,#87CEEB,135,206,235
Sky Magenta,#CF71AF,207,113,175
Slate Blue,#6A5ACD,106,90,205
Slate Gray,#708090,112,128,144
Smokey Topaz,#933D41,147,61,65
Smoky Black,#100C08,16,12,8
Snow,#FFFAFA,255,250,250
Spiro Disco Ball,#0FC0FC,15,192,252
Spring Bud,#A7FC00,167,252,0
Spring Green,#00FF7F,0,255,127
St. Patrick'S Blue,#23297A,35,41,122
Steel Blue,#4682B4,70,130,180
Stil De Grain Yellow,#FADA5E,250,218,94
Stormcloud,#4F666A,79,102,106
Straw,#E4D96F,228,217,111
Sunset,#FAD6A5,250,214,165
Tan,#D2B48C,210,180,140
Tangelo,#F94D00,249,77,0
Tangerine,#F28500,242,133,0
Tango Pink,#E4717A,228,113,122
Taupe,#483C32,72,60,50
Taupe Gray,#8B8589,139,133,137
Tea Green,#D0F0C0,208,240,192
Tea Rose (Orange),#F88379,248,131,121
Tea Rose (Rose),#F4C2C2,244,194,194
Teal,#008080,0,128,128
Teal Blue,#367588,54,117,136
Teal Green,#00827F,0,130,127
Telemagenta,#CF3476,207,52,118
Tenné (Tawny),#CD5700,205,87,0
Terra Cotta,#E2725B,226,114,91
Thistle,#D8BFD8,216,191,216
Thulian Pink,#DE6FA1,222,111,161
Tickle Me Pink,#FC89AC,252,137,172
Tiffany Blue,#0ABAB5,10,186,181
Tiger'S Eye,#E08D3C,224,141,60
Timberwolf,#DBD7D2,219,215,210
Titanium Yellow,#EEE600,238,230,0
Tomato,#FF6347,255,99,71
Toolbox,#746CC0,116,108,192
Topaz,#FFC87C,255,200,124
Tractor Red,#FD0E35,253,14,53
Trolley Grey,#808080,128,128,128
Tropical Rain Forest,#00755E,0,117,94
True Blue,#0073CF,0,115,207
Tufts Blue,#417DC1,65,125,193
Tumbleweed,#DEAA88,222,170,136
Turkish Rose,#B57281,181,114,129
Turquoise,#30D5C8,48,213,200
Turquoise Blue,#00FFEF,0,255,239
Turquoise Green,#A0D6B4,160,214,180
Tuscan Red,#7C4848,124,72,72
Twilight Lavender,#8A496B,138,73,107
Tyrian Purple,#66023C,102,2,60
Ua Red,#D9004C,217,0,76
Ube,#8878C3,136,120,195
Ucla Blue,#536895,83,104,149
Ucla Gold,#FFB300,255,179,0
Ufo Green,#3CD070,60,208,112
Ultra Pink,#FF6FFF,255,111,255
Ultramarine,#120A8F,18,10,143
Ultramarine Blue,#4166F5,65,102,245
Umber,#635147,99,81,71
Unbleached Silk,#FFDDCA,255,221,202
United Nations Blue,#5B92E5,91,146,229
University Of California Gold,#B78727,183,135,39
Up Forest Green,#014421,1,68,33
Up Maroon,#7B1113,123,17,19
Upsdell Red,#AE2029,174,32,41
Urobilin,#E1AD21,225,173,33
Usafa Blue,#004F98,0,79,152
Utah Crimson,#D3003F,211,0,63
Vanilla,#F3E5AB,243,229,171
Vegas Gold,#C5B358,197,179,88
Venetian Red,#C80815,200,8,21
Verdigris,#43B3AE,67,179,174
Vermilion (Cinnabar),#E34234,227,66,52
Vermilion (Plochere),#D9603B,217,96,59
Veronica,#A020F0,160,32,240
Violet,#8F00FF,143,0,255
Violet-Blue,#324AB2,50,74,178
Violet (Color Wheel),#7F00FF,127,0,255
Violet (Ryb),#8601AF,134,1,175
Violet (Web),#EE82EE,238,130,238
Viridian,#40826D,64,130,109
Vivid Auburn,#922724,146,39,36
Vivid Burgundy,#9F1D35,159,29,53
Vivid Cerise,#DA1D81,218,29,129
Vivid Tangerine,#FFA089,255,160,137
Vivid Violet,#9F00FF,159,0,255
Warm Black,#004242,0,66,66
Waterspout,#A4F4F9,164,244,249
Wenge,#645452,100,84,82
Wheat,#F5DEB3,245,222,179
White Smoke,#F5F5F5,245,245,245
Wild Blue Yonder,#A2ADD0,162,173,208
Wild Strawberry,#FF43A4,255,67,164
Wild Watermelon,#FC6C85,252,108,133
Wine,#722F37,114,47,55
Wine Dregs,#673147,103,49,71
Wisteria,#C9A0DC,201,160,220
Wood Brown,#C19A6B,193,154,107
Xanadu,#738678,115,134,120
Yale Blue,#0F4D92,15,77,146
Yellow-Green,#9ACD32,154,205,50
Yellow (Munsell),#EFCC00,239,204,0
Yellow (Ncs),#FFD300,255,211,0
Yellow Orange,#FFAE42,255,174,66
Yellow (Process),#FFEF00,255,239,0
Yellow (Ryb),#FEFE33,254,254,51
Zaffre,#0014A8,0,20,168
Zinnwaldite Brown,#2C1608,44,22,8
